date,symbol,amount,equity_parent_company,market_cap
20240102,000001,1000000,500000000,1000000000
20240102,000002,1800000,820000000,1500000000
20240103,000001,1050000,500000000,1010000000
20240103,000002,1760000,820000000,1490000000
20240104,000001,990000,500000000,995000000
20240104,000002,1840000,820000000,1520000000
20240105,000001,1110000,500000000,1020000000
20240105,000002,1790000,820000000,1510000000
20240108,000001,1080000,500000000,1030000000
20240108,000002,1880000,820000000,1530000000
20240109,000001,1150000,500000000,1040000000
20240109,000002,1910000,820000000,1540000000
20240110,000001,1130000,500000000,1035000000
20240110,000002,1890000,820000000,1535000000
20240111,000001,1180000,500000000,1050000000
20240111,000002,1940000,820000000,1550000000
20240112,000001,1160000,500000000,1045000000
20240112,000002,1920000,820000000,1545000000
20240115,000001,1210000,500000000,1060000000
20240115,000002,1980000,820000000,1560000000
20240116,000001,1190000,500000000,1055000000
20240116,000002,1960000,820000000,1555000000
20240117,000001,1240000,500000000,1070000000
20240117,000002,2010000,820000000,1570000000
20240118,000001,1220000,500000000,1065000000
20240118,000002,1990000,820000000,1565000000
20240119,000001,1270000,500000000,1080000000
20240119,000002,2040000,820000000,1580000000
20240122,000001,1250000,500000000,1075000000
20240122,000002,2020000,820000000,1575000000
20240123,000001,1300000,500000000,1090000000
20240123,000002,2070000,820000000,1590000000
